{
  "main": {
    "id": "d074454187ecc26f",
    "type": "split",
    "children": [
      {
        "id": "9db3a159a80280e7",
        "type": "tabs",
        "children": [
          {
            "id": "94642a4ed75aba6e",
            "type": "leaf",
            "state": {
              "type": "markdown",
              "state": {
                "file": "6 - Main Notes/C++ Primer Chapter 2 - The Basics.md",
                "mode": "source",
                "backlinks": true,
                "source": false
              },
              "icon": "lucide-file",
              "title": "C++ Primer Chapter 2 - The Basics"
            }
          },
          {
            "id": "36825957f80f859d",
            "type": "leaf",
            "state": {
              "type": "markdown",
              "state": {
                "file": "6 - Main Notes/Math Symbol Notes.md",
                "mode": "source",
                "backlinks": true,
                "source": false
              },
              "icon": "lucide-file",
              "title": "Math Symbol Notes"
            }
          },
          {
            "id": "9ffc1d0857020ee6",
            "type": "leaf",
            "state": {
              "type": "graph",
              "state": {},
              "icon": "lucide-git-fork",
              "title": "Graph view"
            }
          }
        ]
      }
    ],
    "direction": "vertical"
  },
  "left": {
    "id": "c1a34ee7c8ea5fc2",
    "type": "split",
    "children": [
      {
        "id": "1e458ac02f395f53",
        "type": "tabs",
        "children": [
          {
            "id": "53c80b20c6b93291",
            "type": "leaf",
            "state": {
              "type": "file-explorer",
              "state": {
                "sortOrder": "alphabetical"
              },
              "icon": "lucide-folder-closed",
              "title": "Files"
            }
          },
          {
            "id": "9b0ed53e334d2cec",
            "type": "leaf",
            "state": {
              "type": "search",
              "state": {
                "query": "",
                "matchingCase": false,
                "explainSearch": false,
                "collapseAll": false,
                "extraContext": false,
                "sortOrder": "alphabetical"
              },
              "icon": "lucide-search",
              "title": "Search"
            }
          },
          {
            "id": "9adc052f58b856fc",
            "type": "leaf",
            "state": {
              "type": "bookmarks",
              "state": {},
              "icon": "lucide-bookmark",
              "title": "Bookmarks"
            }
          }
        ]
      }
    ],
    "direction": "horizontal",
    "width": 343.5
  },
  "right": {
    "id": "af1c0b217063e0ff",
    "type": "split",
    "children": [
      {
        "id": "570ffcded80d27c7",
        "type": "tabs",
        "children": [
          {
            "id": "1a2f7ce40856cd99",
            "type": "leaf",
            "state": {
              "type": "backlink",
              "state": {
                "file": "6 - Main Notes/Graduate Intro To OS.md",
                "collapseAll": false,
                "extraContext": false,
                "sortOrder": "alphabetical",
                "showSearch": false,
                "searchQuery": "",
                "backlinkCollapsed": false,
                "unlinkedCollapsed": true
              },
              "icon": "links-coming-in",
              "title": "Backlinks for Graduate Intro To OS"
            }
          },
          {
            "id": "3448b4acf31be780",
            "type": "leaf",
            "state": {
              "type": "outgoing-link",
              "state": {
                "file": "6 - Main Notes/Graduate Intro To OS.md",
                "linksCollapsed": false,
                "unlinkedCollapsed": true
              },
              "icon": "links-going-out",
              "title": "Outgoing links from Graduate Intro To OS"
            }
          },
          {
            "id": "bfcee5b4075212a8",
            "type": "leaf",
            "state": {
              "type": "tag",
              "state": {
                "sortOrder": "frequency",
                "useHierarchy": true
              },
              "icon": "lucide-tags",
              "title": "Tags"
            }
          },
          {
            "id": "85a783011554d854",
            "type": "leaf",
            "state": {
              "type": "outline",
              "state": {
                "file": "6 - Main Notes/Graduate Intro To OS.md"
              },
              "icon": "lucide-list",
              "title": "Outline of Graduate Intro To OS"
            }
          }
        ]
      }
    ],
    "direction": "horizontal",
    "width": 300,
    "collapsed": true
  },
  "left-ribbon": {
    "hiddenItems": {
      "switcher:Open quick switcher": false,
      "graph:Open graph view": false,
      "canvas:Create new canvas": false,
      "daily-notes:Open today's daily note": false,
      "templates:Insert template": false,
      "command-palette:Open command palette": false
    }
  },
  "floating": {
    "id": "919502d94118974e",
    "type": "floating",
    "children": [
      {
        "id": "3a7fac92e6638761",
        "type": "window",
        "children": [
          {
            "id": "8b6204c354a2ee24",
            "type": "tabs",
            "children": [
              {
                "id": "c8bc0c7aaa105170",
                "type": "leaf",
                "state": {
                  "type": "graph",
                  "state": {},
                  "icon": "lucide-git-fork",
                  "title": "Graph view"
                }
              }
            ]
          }
        ],
        "direction": "vertical",
        "x": -3440,
        "y": 215,
        "width": 1720,
        "height": 1040,
        "maximize": false,
        "zoom": 0
      }
    ]
  },
  "active": "94642a4ed75aba6e",
  "lastOpenFiles": [
    "Pasted image 20241209133703.png",
    "Pasted image 20241209133141.png",
    "Pasted image 20241209132621.png",
    "2 - Source Material/C++ Primer 5th Edition.md",
    "6 - Main Notes/C++ Primer Chapter 2 - The Basics.md",
    "6 - Main Notes/C++ Primer Chapter 1 - Getting Started.md",
    "6 - Main Notes/C++ Notes.md",
    "6 - Main Notes/C++ Common Keywords.md",
    "6 - Main Notes/Math Symbol Notes.md",
    "6 - Main Notes/P1L1 - Introduction To Compilers.md",
    "6 - Main Notes/Learning C Notes.md",
    "Pasted image 20241209123251.png",
    "Pasted image 20241209122920.png",
    "Pasted image 20241209122850.png",
    "6 - Main Notes/Engineering A Compiler Chapter 1 - Overview of Compilation - Optimizer.md",
    "6 - Main Notes/Engineering A Compiler Chapter 1 - Overview of Compilation.md",
    "6 - Main Notes/Engineering A Compiler Chapter 1 - Overview of Compilation - Front End.md",
    "2 - Source Material/Engineering A Compiler 2nd Edition.md",
    "6 - Main Notes/Engineering A Compiler Chapter 2 - Scanners.md",
    "2 - Source Material/Pasted image 20241209090947.png",
    "6 - Main Notes/Engineering A Compiler Chapter 1 - Overview of Compilation - Back End.md",
    "2 - Source Material/Pasted image 20241208210208.png",
    "2 - Source Material/Pasted image 20241208193733.png",
    "2 - Source Material/Pasted image 20241208202407.png",
    "2 - Source Material/Pasted image 20241208202128.png",
    "6 - Main Notes/Engineering A Compiler Chapter 1 - Overview of Compilation^Optimizer.md",
    "6 - Main Notes/Engineering A Compiler Chapter 1 - Overview of Compilation^Back End.md",
    "5 - Templates/Full Note.md",
    "6 - Main Notes/Engineering A Compiler Chapter 3 - Parsers.md",
    "6 - Main Notes/Engineering A Compiler Chapter 4 - Context-Sensitive Analysis.md",
    "6 - Main Notes/Chat.md",
    "6 - Main Notes/Engineering A Compiler 2nd Edition Notes.md",
    "4 - Indexes/CS8803-008 Compilers - Theory & Practice.md",
    "Engineering A Compiler 2nd Edition by Cooper and Torczon.pdf",
    "6 - Main Notes/instagram.com.md",
    "6 - Main Notes/Graduate Intro To OS.md",
    "3 - Tags/IntroToOS.md",
    "Untitled.canvas",
    "6 - Main Notes",
    "5 - Templates",
    "4 - Indexes",
    "3 - Tags",
    "2 - Source Material",
    "1 - Rough Notes"
  ]
}